@id,@type,notation,prefLabel,definition,inScheme,topConceptOf,
https://data.vlaanderen.be/id/conceptscheme/IT110-IT114,http://www.w3.org/2004/02/skos/core#ConceptScheme,IT110-IT114,Codelijsten IT110-IT114,Codelijst van Informatie Type 110 'Afstamming' en Informatie Type 114 'Afstamming dalende lijn'.,https://data.vlaanderen.be/id/conceptscheme/MAGDA/Persoon,https://data.vlaanderen.be/id/conceptscheme/MAGDA/Persoon,
https://data.vlaanderen.be/id/conceptscheme/IT110,http://www.w3.org/2004/02/skos/core#ConceptScheme,IT110,Codelijst IT110,Codelijst van Informatie Type 110 'Afstamming'.,https://data.vlaanderen.be/id/conceptscheme/IT110-IT114,https://data.vlaanderen.be/id/conceptscheme/IT110-IT114,
https://data.vlaanderen.be/id/conceptscheme/IT114,http://www.w3.org/2004/02/skos/core#ConceptScheme,IT114,Codelijst IT114,Codelijst van Informatie Type 114 'Afstamming dalende lijn'.,https://data.vlaanderen.be/id/conceptscheme/IT110-IT114,https://data.vlaanderen.be/id/conceptscheme/IT110-IT114,
https://data.vlaanderen.be/id/conceptscheme/MAGDA/Persoon,http://www.w3.org/2004/02/skos/core#ConceptScheme,MAGDA-Persoon,Codelijsten Implementatiemodel MAGDA Persoon,Codelijsten toegepast in de implementatie van Persoon bij MAGDA volgens het Implementatiemodel MAGDA Persoon.,,,
,,,,,,,
,,,,,https://data.vlaanderen.be/id/conceptscheme/IT110-IT114,https://data.vlaanderen.be/id/conceptscheme/IT110-IT114,
,,,,,https://data.vlaanderen.be/id/conceptscheme/IT110-IT114,https://data.vlaanderen.be/id/conceptscheme/IT110-IT114,
https://data.vlaanderen.be/id/conceptscheme/IT110-IT114/IT110/Afstammingstype/00,,,,,,,
https://data.vlaanderen.be/id/conceptscheme/IT110-IT114/IT114/Afstammingstype/00,,,,,,,
