@id,@type,notation,prefLabel,definition,inScheme,topConceptOf,,,
https://data.vlaanderen.be/id/concept/IT120/BurgerlijkeStaattype/v1/10,http://www.w3.org/2004/02/skos/core#Concept,10,Ongehuwd,,https://data.vlaanderen.be/id/conceptscheme/IT120/BurgerlijkeStaattype/v1,https://data.vlaanderen.be/id/conceptscheme/IT120/BurgerlijkeStaattype/v1,,,
https://data.vlaanderen.be/id/concept/IT120/BurgerlijkeStaattype/v1/20,http://www.w3.org/2004/02/skos/core#Concept,20,Gehuwd,,https://data.vlaanderen.be/id/conceptscheme/IT120/BurgerlijkeStaattype/v1,https://data.vlaanderen.be/id/conceptscheme/IT120/BurgerlijkeStaattype/v1,,,
https://data.vlaanderen.be/id/concept/IT120/BurgerlijkeStaattype/v1/25,http://www.w3.org/2004/02/skos/core#Concept,25,Nietigverklaring van het huwelijk,,https://data.vlaanderen.be/id/conceptscheme/IT120/BurgerlijkeStaattype/v1,https://data.vlaanderen.be/id/conceptscheme/IT120/BurgerlijkeStaattype/v1,,,
https://data.vlaanderen.be/id/concept/IT120/BurgerlijkeStaattype/v1/26,http://www.w3.org/2004/02/skos/core#Concept,26,Putatief huwelijk,,https://data.vlaanderen.be/id/conceptscheme/IT120/BurgerlijkeStaattype/v1,https://data.vlaanderen.be/id/conceptscheme/IT120/BurgerlijkeStaattype/v1,,,
https://data.vlaanderen.be/id/concept/IT120/BurgerlijkeStaattype/v1/30,http://www.w3.org/2004/02/skos/core#Concept,30,Weduwnaar (weduwe),,https://data.vlaanderen.be/id/conceptscheme/IT120/BurgerlijkeStaattype/v1,https://data.vlaanderen.be/id/conceptscheme/IT120/BurgerlijkeStaattype/v1,,,
https://data.vlaanderen.be/id/concept/IT120/BurgerlijkeStaattype/v1/40,http://www.w3.org/2004/02/skos/core#Concept,40,Gescheiden,,https://data.vlaanderen.be/id/conceptscheme/IT120/BurgerlijkeStaattype/v1,https://data.vlaanderen.be/id/conceptscheme/IT120/BurgerlijkeStaattype/v1,,,
https://data.vlaanderen.be/id/concept/IT120/BurgerlijkeStaattype/v1/41,http://www.w3.org/2004/02/skos/core#Concept,41,Echtscheiding uitgesproken met toepassing van de wet van 30 juni 1994,,https://data.vlaanderen.be/id/conceptscheme/IT120/BurgerlijkeStaattype/v1,https://data.vlaanderen.be/id/conceptscheme/IT120/BurgerlijkeStaattype/v1,,,
https://data.vlaanderen.be/id/concept/IT120/BurgerlijkeStaattype/v1/50,http://www.w3.org/2004/02/skos/core#Concept,50,Scheiding van tafel en bed en van goederen,,https://data.vlaanderen.be/id/conceptscheme/IT120/BurgerlijkeStaattype/v1,https://data.vlaanderen.be/id/conceptscheme/IT120/BurgerlijkeStaattype/v1,,,
https://data.vlaanderen.be/id/concept/IT120/BurgerlijkeStaattype/v1/51,http://www.w3.org/2004/02/skos/core#Concept,51,scheiding van tafel en bed en van goederen uitgesproken met toepassing van de wet van 30 juni 1994,,https://data.vlaanderen.be/id/conceptscheme/IT120/BurgerlijkeStaattype/v1,https://data.vlaanderen.be/id/conceptscheme/IT120/BurgerlijkeStaattype/v1,,,
https://data.vlaanderen.be/id/concept/IT120/BurgerlijkeStaattype/v1/60,http://www.w3.org/2004/02/skos/core#Concept,60,Ontbinding van het huwelijk op een bijzondere wijze,,https://data.vlaanderen.be/id/conceptscheme/IT120/BurgerlijkeStaattype/v1,https://data.vlaanderen.be/id/conceptscheme/IT120/BurgerlijkeStaattype/v1,,,
https://data.vlaanderen.be/id/concept/IT120/BurgerlijkeStaattype/v1/80,http://www.w3.org/2004/02/skos/core#Concept,80,Partnerschap,,https://data.vlaanderen.be/id/conceptscheme/IT120/BurgerlijkeStaattype/v1,https://data.vlaanderen.be/id/conceptscheme/IT120/BurgerlijkeStaattype/v1,,,
https://data.vlaanderen.be/id/concept/IT120/BurgerlijkeStaattype/v1/81,http://www.w3.org/2004/02/skos/core#Concept,81,Beëindiging  partnerschap,,https://data.vlaanderen.be/id/conceptscheme/IT120/BurgerlijkeStaattype/v1,https://data.vlaanderen.be/id/conceptscheme/IT120/BurgerlijkeStaattype/v1,,,
https://data.vlaanderen.be/id/concept/IT120/BurgerlijkeStaattype/v1/90,http://www.w3.org/2004/02/skos/core#Concept,90,Onbepaald,,https://data.vlaanderen.be/id/conceptscheme/IT120/BurgerlijkeStaattype/v1,https://data.vlaanderen.be/id/conceptscheme/IT120/BurgerlijkeStaattype/v1,,,
https://data.vlaanderen.be/id/conceptscheme/IT120/BurgerlijkeStaattype/v1/UITZONDERING,http://www.w3.org/2004/02/skos/core#Concept,UITZONDERING,Onbekende code,De code is nog niet gekend bij MAGDA. Contacteer MAGDA via de Servicedesk.,https://data.vlaanderen.be/id/conceptscheme/IT120/BurgerlijkeStaattype/v1,https://data.vlaanderen.be/id/conceptscheme/IT120/BurgerlijkeStaattype/v1,,,
https://data.vlaanderen.be/id/conceptscheme/IT120/BurgerlijkeStaattype/v1,http://www.w3.org/2004/02/skos/core#ConceptScheme,BurgerlijkeStaattype-v1,Codelijst IT120 Burgerlijke Staat types,Codelijst van de burgerlijke staat types in Informatie Type 120 'Burgerlijke Staat'.,https://data.vlaanderen.be/id/conceptscheme/IT120/BurgerlijkeStaattype,https://data.vlaanderen.be/id/conceptscheme/IT120/BurgerlijkeStaattype,,,
https://data.vlaanderen.be/id/conceptscheme/IT120/BurgerlijkeStaattype,http://www.w3.org/2004/02/skos/core#ConceptScheme,BurgerlijkeStaattype,Codelijst IT120 Burgerlijke Staat types,Codelijst van de burgerlijke staat types in Informatie Type 120 'Burgerlijke Staat'.,https://data.vlaanderen.be/id/conceptscheme/IT120,https://data.vlaanderen.be/id/conceptscheme/IT120,,,
https://data.vlaanderen.be/id/conceptscheme/IT120,http://www.w3.org/2004/02/skos/core#ConceptScheme,IT120,Codelijst IT120,Codelijst van Informatie Type 120 'Burgerlijke staat'.,https://data.vlaanderen.be/id/conceptscheme/MAGDA/Persoon,https://data.vlaanderen.be/id/conceptscheme/MAGDA/Persoon,,,
https://data.vlaanderen.be/id/conceptscheme/MAGDA/Persoon,http://www.w3.org/2004/02/skos/core#ConceptScheme,MAGDA-Persoon,Codelijsten Implementatiemodel MAGDA Persoon,Codelijsten toegepast in de implementatie van Persoon bij MAGDA volgens het Implementatiemodel MAGDA Persoon.,,,,,
